run_dir,tag,version,slurm_jobids,node_host,pid,gpu,started_utc,ended_utc,minutes,epochs,learning_rate,best_val_esr,last_val_esr,scalar_points,match_method,slurm_node,host_matches_slurm,checkpoints,checkpoint_bytes,checkpoint_sha256
lightning_logs/cabinet-ampformer_187ms/version_0,cabinet-ampformer_187ms,version_0,742728,msp3-3,1519151,NVIDIA H200,2026-08-24 20:22:57,2026-08-24 20:36:08,13.2,179,0.001,0.01042475737631321,0.011574925854802132,6364,checkpoint-path,msp3-3,True,2,5093526,57ec99917174a086 57ec99917174a086
lightning_logs/cabinet-ampformer_187ms/version_1,cabinet-ampformer_187ms,version_1,915935,msp3-5,2664142,NVIDIA H200,2026-09-17 00:24:19,2026-09-17 00:25:52,1.5,20,0.001,0.10613371431827545,0.10613371431827545,708,checkpoint-path,msp3-5,True,2,5093526,9b7bb358dcd2b2e4 9b7bb358dcd2b2e4
lightning_logs/cabinet-ampformer_48ms/version_0,cabinet-ampformer_48ms,version_0,742727,msp3-0,4110693,NVIDIA H200,2026-08-24 20:11:54,2026-08-24 20:27:15,15.4,218,0.001,0.009665294550359249,0.011206524446606636,7750,checkpoint-path,msp3-0,True,2,5093526,3544812ab928ca7c 3544812ab928ca7c
lightning_logs/cabinet-ampformer_48ms/version_1,cabinet-ampformer_48ms,version_1,915934,msp3-4,2189188,NVIDIA H200,2026-09-17 00:23:50,2026-09-17 00:25:20,1.5,20,0.001,0.08747939765453339,0.08747939765453339,708,checkpoint-path,msp3-4,True,2,5093526,5ee4f27e72f25ccf 5ee4f27e72f25ccf
lightning_logs/cabinet-wavenet_186ms/version_0,cabinet-wavenet_186ms,version_0,742726,msp3-0,4110692,NVIDIA H200,2026-08-24 20:11:54,2026-08-24 22:54:09,162.3,245,0.001,3.8067559216869995e-05,9.372126078233123e-05,8709,checkpoint-path,msp3-0,True,2,6186670,988fa64594e2354a 988fa64594e2354a
lightning_logs/cabinet-wavenet_186ms/version_1,cabinet-wavenet_186ms,version_1,915933,msp3-3,2466991,NVIDIA H200,2026-09-17 00:23:46,2026-09-17 00:37:08,13.4,20,0.001,0.0023650198709219694,0.0023650198709219694,708,checkpoint-path,msp3-3,True,2,6186670,149c2f6e08399744 149c2f6e08399744
lightning_logs/cabinet-wavenet_46ms/version_0,cabinet-wavenet_46ms,version_0,742725,msp3-0,4110694,NVIDIA H200,2026-08-24 20:11:54,2026-08-24 21:55:53,104.0,186,0.001,9.903862519422546e-05,0.0007305622566491365,6609,checkpoint-path,msp3-0,True,2,5222830,ee03c7f2e9d5249d ee03c7f2e9d5249d
lightning_logs/cabinet-wavenet_46ms/version_1,cabinet-wavenet_46ms,version_1,915932,msp3-2,1375933,NVIDIA H200,2026-09-17 00:23:10,2026-09-17 00:34:22,11.2,20,0.001,0.0013458454050123692,0.0013458454050123692,708,checkpoint-path,msp3-2,True,2,5222830,7e23842c6a448fcb 7e23842c6a448fcb
lightning_logs/clean-ampformer_187ms/version_0,clean-ampformer_187ms,version_0,742720,msp3-5,3014871,NVIDIA H200,2026-08-24 19:46:33,2026-08-24 19:52:09,5.6,76,0.001,5.990697360402919e-08,6.757217363428936e-08,2710,checkpoint-path,msp3-5,True,2,5093526,6e08f981271dca72 6e08f981271dca72
lightning_logs/clean-ampformer_187ms/version_1,clean-ampformer_187ms,version_1,915880,msp3-4,3873708,NVIDIA H200,2026-09-17 00:05:03,2026-09-17 00:06:32,1.5,20,,1.9813487739384072e-08,1.9813487739384072e-08,715,checkpoint-path,msp3-4,True,2,5093526,1f0356d2db7a378f 1f0356d2db7a378f
lightning_logs/clean-ampformer_187ms/version_2,clean-ampformer_187ms,version_2,915931,msp3-4,1985830,NVIDIA H200,2026-09-17 00:22:10,2026-09-17 00:23:39,1.5,20,0.001,2.123298692424669e-08,2.123298692424669e-08,715,checkpoint-path,msp3-4,True,2,5093526,29c1a3e62d8560f0 29c1a3e62d8560f0
lightning_logs/clean-ampformer_48ms/version_0,clean-ampformer_48ms,version_0,742719,msp3-1,3932325,NVIDIA H200,2026-08-24 19:43:24,2026-08-24 19:52:10,8.8,119,0.001,2.9517305932813542e-08,9.03136606211774e-06,4243,checkpoint-path,msp3-1,True,2,5093526,02c9c54aa693243d 02c9c54aa693243d
lightning_logs/clean-ampformer_48ms/version_1,clean-ampformer_48ms,version_1,915879,msp3-2,1367027,NVIDIA H200,2026-09-17 00:03:47,2026-09-17 00:05:17,1.5,20,,1.9877804291468237e-08,1.9877804291468237e-08,715,checkpoint-path,msp3-2,True,2,5093526,afc0b9a3da2e1160 afc0b9a3da2e1160
lightning_logs/clean-ampformer_48ms/version_2,clean-ampformer_48ms,version_2,915930,msp3-2,1373839,NVIDIA H200,2026-09-17 00:21:29,2026-09-17 00:23:00,1.5,20,0.001,2.12719317715937e-08,2.12719317715937e-08,715,checkpoint-path,msp3-2,True,2,5093526,bf3deb8c7c0e2f80 bf3deb8c7c0e2f80
lightning_logs/clean-wavenet_186ms/version_0,clean-wavenet_186ms,version_0,742718,msp3-5,3005965,NVIDIA H200,2026-08-24 19:37:56,2026-08-24 20:51:51,73.9,111,0.001,3.111490877927281e-05,0.0004327036440372467,3963,checkpoint-path,msp3-5,True,2,6186670,039906cf97a3b8e0 039906cf97a3b8e0
lightning_logs/clean-wavenet_186ms/version_1,clean-wavenet_186ms,version_1,915878,msp3-6,3910396,,2026-09-17 00:03:22,2026-09-17 00:11:40,8.3,13,,1.1734693050384521,1.1734693050384521,442,tag+window,msp3-6,True,2,6186670,ed350eb238d5db64 ed350eb238d5db64
lightning_logs/clean-wavenet_186ms/version_2,clean-wavenet_186ms,version_2,915929,msp3-2,1373773,NVIDIA H200,2026-09-17 00:21:29,2026-09-17 00:34:50,13.3,20,0.001,7.163372629293008e-06,7.163372629293008e-06,715,checkpoint-path,msp3-2,True,2,6186670,20b7c1df3f028e59 20b7c1df3f028e59
lightning_logs/clean-wavenet_46ms/version_0,clean-wavenet_46ms,version_0,742717,msp3-2,1174049,NVIDIA H200,2026-08-24 16:46:00,2026-08-24 18:00:58,75.0,133,0.001,1.613740823813714e-05,0.00017523524002172053,4747,checkpoint-path,msp3-2,True,2,5222830,182fb58fe7cfa3f6 182fb58fe7cfa3f6
lightning_logs/clean-wavenet_46ms/version_1,clean-wavenet_46ms,version_1,915849,msp3-2,1366488,,2026-09-17 00:02:54,2026-09-17 00:11:43,8.8,16,,0.8501701951026917,0.8501701951026917,554,tag+window,msp3-2,True,2,5222830,5f15120e5dc9bd11 5f15120e5dc9bd11
lightning_logs/clean-wavenet_46ms/version_2,clean-wavenet_46ms,version_2,915928,msp3-2,1371375,NVIDIA H200,2026-09-17 00:13:40,2026-09-17 00:24:57,11.3,20,0.001,1.4890924830979202e-05,1.4890924830979202e-05,715,checkpoint-path,msp3-2,True,2,5222830,df9fdd2a4eca4c33 df9fdd2a4eca4c33
lightning_logs/metal-ampformer_187ms/version_0,metal-ampformer_187ms,version_0,742732,msp3-5,3465062,NVIDIA H200,2026-08-24 20:52:09,2026-08-24 21:21:22,29.2,400,0.001,0.006530477199703455,0.006535204593092203,14337,checkpoint-path,msp3-5,True,2,5093526,5636eb77a02393fd 5636eb77a02393fd
lightning_logs/metal-ampformer_187ms/version_1,metal-ampformer_187ms,version_1,744422,msp3-0,2923055,NVIDIA H200,2026-08-25 11:11:24,2026-08-25 11:39:20,27.9,383,0.001,0.005654065404087305,0.0065045664086937904,13721,checkpoint-path,msp3-0,True,2,5093526,337410ae1e277c4b 337410ae1e277c4b
lightning_logs/metal-ampformer_187ms/version_2,metal-ampformer_187ms,version_2,915943,msp3-4,31134,NVIDIA H200,2026-09-17 00:39:22,2026-09-17 00:40:51,1.5,20,0.001,0.3035868704319,0.3035868704319,715,checkpoint-path,msp3-4,True,2,5093526,5f8b43ce9228221f 5f8b43ce9228221f
lightning_logs/metal-ampformer_48ms/version_0,metal-ampformer_48ms,version_0,742731,msp3-7,1411758,NVIDIA H200,2026-08-24 20:45:08,2026-08-24 21:14:57,29.8,400,0.001,0.012413932941854,0.012424848042428493,14337,checkpoint-path,msp3-7,True,2,5093526,d7ca4793abcabf0f d7ca4793abcabf0f
lightning_logs/metal-ampformer_48ms/version_1,metal-ampformer_48ms,version_1,744421,msp3-0,1309681,NVIDIA H200,2026-08-25 10:44:11,2026-08-25 11:10:56,26.8,360,0.001,0.012634612619876862,0.013128473423421383,12902,checkpoint-path,msp3-0,True,2,5093526,7d37ead5ff895e30 7d37ead5ff895e30
lightning_logs/metal-ampformer_48ms/version_2,metal-ampformer_48ms,version_2,915942,msp3-2,1384437,NVIDIA H200,2026-09-17 00:39:03,2026-09-17 00:40:31,1.5,20,0.001,0.3216566741466522,0.3216566741466522,715,checkpoint-path,msp3-2,True,2,5093526,9fd083b723aee7e5 9fd083b723aee7e5
lightning_logs/metal-ampformer_48ms-lr1e-2/version_0,metal-ampformer_48ms-lr1e-2,version_0,915953,msp3-6,847730,NVIDIA H200,2026-09-17 00:57:59,2026-09-17 00:59:27,1.5,20,0.01,0.8441223502159119,0.8443871736526489,715,checkpoint-path,msp3-6,True,2,5093526,93561115f65cb299 93561115f65cb299
lightning_logs/metal-ampformer_48ms-lr1e-3/version_0,metal-ampformer_48ms-lr1e-3,version_0,915951,msp3-3,610646,NVIDIA H200,2026-09-17 00:57:12,2026-09-17 00:58:48,1.6,20,0.001,0.666098952293396,0.666098952293396,715,checkpoint-path,msp3-3,True,2,5093526,cf51b269a21d229d cf51b269a21d229d
lightning_logs/metal-ampformer_48ms-lr1e-4/version_0,metal-ampformer_48ms-lr1e-4,version_0,915949,msp3-2,1389663,NVIDIA H200,2026-09-17 00:48:50,2026-09-17 00:50:21,1.5,20,0.0001,0.8285108804702759,0.8285108804702759,715,checkpoint-path,msp3-2,True,2,5093526,ffc27c977528e2c9 ffc27c977528e2c9
lightning_logs/metal-ampformer_48ms-lr3e-3/version_0,metal-ampformer_48ms-lr3e-3,version_0,915952,msp3-2,1395485,NVIDIA H200,2026-09-17 00:57:44,2026-09-17 00:59:12,1.5,20,0.003,0.8242150545120239,0.8242150545120239,715,checkpoint-path,msp3-2,True,2,5093526,ff4834a1c9b64c62 ff4834a1c9b64c62
lightning_logs/metal-ampformer_48ms-lr3e-4/version_0,metal-ampformer_48ms-lr3e-4,version_0,915950,msp3-6,639333,NVIDIA H200,2026-09-17 00:56:19,2026-09-17 00:57:47,1.5,20,0.0003,0.37270811200141907,0.37270811200141907,715,checkpoint-path,msp3-6,True,2,5093526,2e4d955e50941551 2e4d955e50941551
lightning_logs/metal-wavenet_186ms/version_0,metal-wavenet_186ms,version_0,742730,msp3-0,2256589,,2026-08-24 20:31:06,2026-08-25 00:01:12,210.1,315,0.001,0.000840850523672998,0.000840850523672998,11257,tag+window,msp3-0,True,2,6186670,2914d07209b88d39 2914d07209b88d39
lightning_logs/metal-wavenet_186ms/version_1,metal-wavenet_186ms,version_1,744406,msp3-2,2110257,NVIDIA H200,2026-08-25 09:57:43,2026-08-25 14:25:15,267.5,400,0.001,0.0007458432810381055,0.0007477289182133973,14337,checkpoint-path,msp3-2,True,2,6186670,0c4b07dab4655dee 0c4b07dab4655dee
lightning_logs/metal-wavenet_186ms/version_2,metal-wavenet_186ms,version_2,915941,msp3-6,2225037,NVIDIA H200,2026-09-17 00:28:48,2026-09-17 00:42:12,13.4,20,0.001,0.00821310468018055,0.00821310468018055,715,checkpoint-path,msp3-6,True,2,6186670,31e550e174fed62b 31e550e174fed62b
lightning_logs/metal-wavenet_46ms/version_0,metal-wavenet_46ms,version_0,742729,msp3-3,1524181,NVIDIA H200,2026-08-24 20:27:36,2026-08-24 21:52:23,84.8,150,0.001,0.0062236301600933075,0.009265595115721226,5377,checkpoint-path,msp3-3,True,2,5222830,4b05bde358914e71 4b05bde358914e71
lightning_logs/metal-wavenet_46ms/version_1,metal-wavenet_46ms,version_1,915940,msp3-5,3080494,NVIDIA H200,2026-09-17 00:27:40,2026-09-17 00:39:00,11.3,20,0.001,0.017251458019018173,0.017251458019018173,715,checkpoint-path,msp3-5,True,2,5222830,d9304162f3564582 d9304162f3564582
lightning_logs/metal-wavenet_46ms-lr1e-2/version_0,metal-wavenet_46ms-lr1e-2,version_0,915948,msp3-6,3563944,NVIDIA H200,2026-09-17 00:42:25,2026-09-17 00:53:43,11.3,20,0.01,0.012438688427209854,0.012438688427209854,715,checkpoint-path,msp3-6,True,2,5222830,c376f05dd429a4f3 c376f05dd429a4f3
lightning_logs/metal-wavenet_46ms-lr1e-3/version_0,metal-wavenet_46ms-lr1e-3,version_0,915946,msp3-4,300423,NVIDIA H200,2026-09-17 00:41:19,2026-09-17 00:52:36,11.3,20,0.001,0.01688970811665058,0.01688970811665058,715,checkpoint-path,msp3-4,True,2,5222830,15763314232822c2 15763314232822c2
lightning_logs/metal-wavenet_46ms-lr1e-4/version_0,metal-wavenet_46ms-lr1e-4,version_0,915944,msp3-5,76584,NVIDIA H200,2026-09-17 00:39:19,2026-09-17 00:50:40,11.3,20,0.0001,0.07175703346729279,0.07179774343967438,715,checkpoint-path,msp3-5,True,2,5222830,0b5c9b1b9a024a9b 0b5c9b1b9a024a9b
lightning_logs/metal-wavenet_46ms-lr3e-3/version_0,metal-wavenet_46ms-lr3e-3,version_0,915947,msp3-2,1386653,NVIDIA H200,2026-09-17 00:41:53,2026-09-17 00:53:12,11.3,20,0.003,0.013963633216917515,0.013963633216917515,715,checkpoint-path,msp3-2,True,2,5222830,698d0b14ee8cc1a5 698d0b14ee8cc1a5
lightning_logs/metal-wavenet_46ms-lr3e-4/version_0,metal-wavenet_46ms-lr3e-4,version_0,915945,msp3-2,1386219,NVIDIA H200,2026-09-17 00:40:54,2026-09-17 00:52:12,11.3,20,0.0003,0.024818073958158493,0.024920400232076645,715,checkpoint-path,msp3-2,True,2,5222830,f36fa8cedded168c f36fa8cedded168c
lightning_logs/preamp-ampformer_187ms/version_0,preamp-ampformer_187ms,version_0,742724,msp3-7,1372177,NVIDIA H200,2026-08-24 20:00:55,2026-08-24 20:30:39,29.7,400,0.001,0.00873213168233633,0.008733042515814304,14337,checkpoint-path,msp3-7,True,2,5093526,b79a95e45fa5fd1f b79a95e45fa5fd1f
lightning_logs/preamp-ampformer_187ms/version_1,preamp-ampformer_187ms,version_1,744420,msp3-2,2207176,NVIDIA H200,2026-08-25 10:20:47,2026-08-25 11:03:41,42.9,570,0.001,0.007698701694607735,0.007932532578706741,20427,checkpoint-path,msp3-2,True,2,5093654,f2c69831e6de8be7 f2c69831e6de8be7
lightning_logs/preamp-ampformer_187ms/version_2,preamp-ampformer_187ms,version_2,915939,msp3-6,2029330,NVIDIA H200,2026-09-17 00:27:04,2026-09-17 00:28:35,1.5,20,0.001,0.09966114163398743,0.09966114163398743,715,checkpoint-path,msp3-6,True,2,5093526,ffd9aaecbd57cf2d ffd9aaecbd57cf2d
lightning_logs/preamp-ampformer_48ms/version_0,preamp-ampformer_48ms,version_0,742723,msp3-5,3021624,NVIDIA H200,2026-08-24 19:52:33,2026-08-24 20:22:12,29.7,400,0.001,0.008906315080821514,0.008906695991754532,14337,checkpoint-path,msp3-5,True,2,5093526,73169b8a3be9745a 73169b8a3be9745a
lightning_logs/preamp-ampformer_48ms/version_1,preamp-ampformer_48ms,version_1,744419,msp3-1,1148919,NVIDIA H200,2026-08-25 10:08:44,2026-08-25 10:56:36,47.9,641,0.001,0.006946257781237364,0.007372003048658371,22968,checkpoint-path,msp3-1,True,2,5093654,bfe197074754454f bfe197074754454f
lightning_logs/preamp-ampformer_48ms/version_2,preamp-ampformer_48ms,version_2,915938,msp3-5,2873987,NVIDIA H200,2026-09-17 00:26:03,2026-09-17 00:27:32,1.5,20,0.001,0.0938592404127121,0.0938592404127121,715,checkpoint-path,msp3-5,True,2,5093526,8fb64c5e8ecba615 8fb64c5e8ecba615
lightning_logs/preamp-wavenet_186ms/version_0,preamp-wavenet_186ms,version_0,742722,msp3-1,279528,,2026-08-24 19:52:35,2026-08-24 21:52:21,119.8,179,0.001,0.0004720122669823468,0.0009677260532043874,6399,tag+window,msp3-1,True,2,6186670,b0e6a4f315a7444c b0e6a4f315a7444c
lightning_logs/preamp-wavenet_186ms/version_1,preamp-wavenet_186ms,version_1,742722,msp3-1,577035,,2026-08-24 21:54:44,2026-08-25 00:01:07,126.4,189,0.001,0.00048084298032335937,0.0004854887374676764,6756,jobname+window,msp3-1,True,2,6186670,f18a83e9bf44e1cc f18a83e9bf44e1cc
lightning_logs/preamp-wavenet_186ms/version_2,preamp-wavenet_186ms,version_2,744405,msp3-2,1899449,NVIDIA H200,2026-08-25 09:09:56,2026-08-25 13:37:30,267.6,400,0.001,0.00022496061865240335,0.00022637202346231788,14337,checkpoint-path,msp3-2,True,2,6186670,42d47006f877453d 42d47006f877453d
lightning_logs/preamp-wavenet_186ms/version_3,preamp-wavenet_186ms,version_3,915937,msp3-4,2415740,NVIDIA H200,2026-09-17 00:25:31,2026-09-17 00:38:53,13.4,20,0.001,0.0025656705256551504,0.0025656705256551504,715,checkpoint-path,msp3-4,True,2,6186670,362fc56b772d0516 362fc56b772d0516
lightning_logs/preamp-wavenet_46ms/version_0,preamp-wavenet_46ms,version_0,742721,msp3-1,29782,,2026-08-24 19:52:03,2026-08-24 21:52:00,120.0,212,0.001,0.0005010436289012432,0.0006289325538091362,7582,jobname+window,msp3-1,True,2,5222830,d63a875ee66e626d d63a875ee66e626d
lightning_logs/preamp-wavenet_46ms/version_1,preamp-wavenet_46ms,version_1,742721,msp3-3,1562180,NVIDIA H200,2026-08-24 21:54:44,2026-08-25 01:41:20,226.6,400,0.001,0.0002866604772862047,0.00028741348069161177,14337,checkpoint-path,msp3-3,True,2,5222830,1bf3e20a3386b501 1bf3e20a3386b501
lightning_logs/preamp-wavenet_46ms/version_2,preamp-wavenet_46ms,version_2,744418,msp3-1,1148109,,2026-08-25 10:07:05,2026-08-25 12:06:38,119.6,212,0.001,0.000851967022754252,0.000851967022754252,7575,jobname+window,msp3-1,True,2,5222830,5090fc6f3e986d71 5090fc6f3e986d71
lightning_logs/preamp-wavenet_46ms/version_3,preamp-wavenet_46ms,version_3,744418,msp3-1,1516559,NVIDIA H200,2026-08-25 12:13:25,2026-08-25 14:03:08,109.7,194,0.001,0.000911101175006479,0.0012470327783375978,6952,checkpoint-path,msp3-1,True,2,5222830,c5a29ab47015c4bb c5a29ab47015c4bb
lightning_logs/preamp-wavenet_46ms/version_4,preamp-wavenet_46ms,version_4,915936,msp3-2,1377017,NVIDIA H200,2026-09-17 00:25:07,2026-09-17 00:36:27,11.3,20,0.001,0.0031169152352958918,0.003120554843917489,715,checkpoint-path,msp3-2,True,2,5222830,01e54bbec21c8d85 01e54bbec21c8d85
lightning_logs_40ep_noWarmup/cabinet-ampformer_187ms/version_0,cabinet-ampformer_187ms,version_0,739714,msp3-1,3437932,NVIDIA H200,2026-08-23 19:02:40,2026-08-23 19:05:32,2.9,40,0.001,0.031731948256492615,0.031731948256492615,1422,checkpoint-path,msp3-1,True,2,5091994,ce731608e6e840c1 ce731608e6e840c1
lightning_logs_40ep_noWarmup/cabinet-ampformer_48ms/version_0,cabinet-ampformer_48ms,version_0,739713,msp3-1,3435336,NVIDIA H200,2026-08-23 19:00:19,2026-08-23 19:03:13,2.9,40,0.001,0.026401212438941002,0.03031938523054123,1422,checkpoint-path,msp3-1,True,2,5091994,3e4386d44c7e0739 3e4386d44c7e0739
lightning_logs_40ep_noWarmup/cabinet-wavenet_186ms/version_0,cabinet-wavenet_186ms,version_0,739712,msp3-2,613373,NVIDIA H200,2026-08-23 18:55:09,2026-08-23 19:21:39,26.5,40,0.001,0.0002895475772675127,0.0002895475772675127,1422,checkpoint-path,msp3-2,True,2,6185138,f9f98ced9de408ec f9f98ced9de408ec
lightning_logs_40ep_noWarmup/cabinet-wavenet_46ms/version_0,cabinet-wavenet_46ms,version_0,739711,msp3-2,610632,NVIDIA H200,2026-08-23 18:48:39,2026-08-23 19:11:03,22.4,40,0.001,0.0012345880968496203,0.0017866683192551136,1422,checkpoint-path,msp3-2,True,2,5221298,55e4d2c0e0d23d18 55e4d2c0e0d23d18
lightning_logs_40ep_noWarmup/clean-ampformer_187ms/version_0,clean-ampformer_187ms,version_0,739706,msp3-2,597082,NVIDIA H200,2026-08-23 18:28:45,2026-08-23 18:31:44,3.0,40,0.001,5.868986363566364e-08,1.7654639350439538e-07,1429,checkpoint-path,msp3-2,True,2,5091994,381cdc9da5c2ba06 381cdc9da5c2ba06
lightning_logs_40ep_noWarmup/clean-ampformer_48ms/version_0,clean-ampformer_48ms,version_0,739705,msp3-2,593787,NVIDIA H200,2026-08-23 18:25:27,2026-08-23 18:28:25,3.0,40,0.001,1.1328349813766181e-07,1.5076773252076237e-07,1429,checkpoint-path,msp3-2,True,2,5091994,6567a67b90223334 6567a67b90223334
lightning_logs_40ep_noWarmup/clean-wavenet_186ms/version_0,clean-wavenet_186ms,version_0,739704,msp3-1,3419042,NVIDIA H200,2026-08-23 18:06:17,2026-08-23 18:32:55,26.6,40,0.001,5.4263524361886084e-05,0.0006892055389471352,1429,checkpoint-path,msp3-1,True,2,6185138,5900ae6f6cb4a75a 5900ae6f6cb4a75a
lightning_logs_40ep_noWarmup/clean-wavenet_46ms/version_0,clean-wavenet_46ms,version_0,739703,msp3-1,3405623,NVIDIA H200,2026-08-23 17:29:47,2026-08-23 17:52:19,22.5,40,0.001,5.751237767981365e-05,0.0011553805088624358,1429,checkpoint-path,msp3-1,True,2,5221298,fc0eb0778a80985b fc0eb0778a80985b
lightning_logs_40ep_noWarmup/metal-ampformer_187ms/version_0,metal-ampformer_187ms,version_0,739718,msp3-0,3730848,NVIDIA H200,2026-08-23 19:09:58,2026-08-23 19:12:57,3.0,40,0.001,0.06972098350524902,0.0702836737036705,1429,checkpoint-path,msp3-0,True,2,5091994,fc5477578b5e47e5 fc5477578b5e47e5
lightning_logs_40ep_noWarmup/metal-ampformer_48ms/version_0,metal-ampformer_48ms,version_0,739717,msp3-3,452389,NVIDIA H200,2026-08-23 19:06:54,2026-08-23 19:09:46,2.9,40,0.001,0.08164624869823456,0.08164624869823456,1429,checkpoint-path,msp3-3,True,2,5091994,50d675be656bea6c 50d675be656bea6c
lightning_logs_40ep_noWarmup/metal-wavenet_186ms/version_0,metal-wavenet_186ms,version_0,739716,msp3-1,3442177,NVIDIA H200,2026-08-23 19:06:18,2026-08-23 19:33:00,26.7,40,0.001,0.007117066998034716,0.007117066998034716,1429,checkpoint-path,msp3-1,True,2,6185138,094f43931366e968 094f43931366e968
lightning_logs_40ep_noWarmup/metal-wavenet_46ms/version_0,metal-wavenet_46ms,version_0,739715,msp3-1,3439580,NVIDIA H200,2026-08-23 19:03:39,2026-08-23 19:26:16,22.6,40,0.001,0.015277699567377567,0.019103974103927612,1429,checkpoint-path,msp3-1,True,2,5221298,246e11eb3cb5c00c 246e11eb3cb5c00c
lightning_logs_40ep_noWarmup/preamp-ampformer_187ms/version_0,preamp-ampformer_187ms,version_0,739710,msp3-2,606947,NVIDIA H200,2026-08-23 18:45:09,2026-08-23 18:48:07,3.0,40,0.001,0.32526451349258423,0.32526451349258423,1429,checkpoint-path,msp3-2,True,2,5091994,d3deac362e742c78 d3deac362e742c78
lightning_logs_40ep_noWarmup/preamp-ampformer_48ms/version_0,preamp-ampformer_48ms,version_0,739709,msp3-2,603286,NVIDIA H200,2026-08-23 18:41:47,2026-08-23 18:44:43,2.9,40,0.001,0.09775615483522415,0.09775615483522415,1429,checkpoint-path,msp3-2,True,2,5091994,c9e144f39784763d c9e144f39784763d
lightning_logs_40ep_noWarmup/preamp-wavenet_186ms/version_0,preamp-wavenet_186ms,version_0,739708,msp3-1,3426961,NVIDIA H200,2026-08-23 18:33:16,2026-08-23 19:00:00,26.7,40,0.001,0.05548570677638054,2.355783224105835,1429,checkpoint-path,msp3-1,True,2,6185138,73fa3b7c2f9a1675 73fa3b7c2f9a1675
lightning_logs_40ep_noWarmup/preamp-wavenet_46ms/version_0,preamp-wavenet_46ms,version_0,739707,msp3-2,600405,NVIDIA H200,2026-08-23 18:32:17,2026-08-23 18:54:56,22.7,40,0.001,0.10184414684772491,0.31210947036743164,1429,checkpoint-path,msp3-2,True,2,5221298,c1435c73e707d613 c1435c73e707d613
lightning_logs_misaligned_grid/cabinet-ampformer_187ms/version_0,cabinet-ampformer_187ms,version_0,739683,msp3-3,60642,NVIDIA H200,2026-08-23 17:22:01,2026-08-23 17:24:59,3.0,40,0.001,0.03652678057551384,0.03871956095099449,1422,checkpoint-path,msp3-3,True,2,5091994,bd9669d9daddb545 bd9669d9daddb545
lightning_logs_misaligned_grid/cabinet-ampformer_48ms/version_0,cabinet-ampformer_48ms,version_0,739682,msp3-1,3399879,NVIDIA H200,2026-08-23 17:21:46,2026-08-23 17:24:50,3.1,40,0.001,0.036622848361730576,0.037731464952230453,1422,checkpoint-path,msp3-1,True,2,5091994,bdf589a96f3bfe7e bdf589a96f3bfe7e
lightning_logs_misaligned_grid/cabinet-wavenet_186ms/version_0,cabinet-wavenet_186ms,version_0,739681,msp3-3,60198,,2026-08-23 17:21:46,2026-08-23 17:28:47,7.0,11,0.001,0.01812557317316532,0.01997385360300541,372,tag+window,msp3-3,True,2,6185138,1c46495769684102 1c46495769684102
lightning_logs_misaligned_grid/cabinet-wavenet_46ms/version_0,cabinet-wavenet_46ms,version_0,739680,msp3-3,60199,,2026-08-23 17:21:46,2026-08-23 17:28:59,7.2,13,0.001,0.009973093867301941,0.01489147450774908,449,tag+window,msp3-3,True,2,5221298,1a4a6781ce17e85a 1a4a6781ce17e85a
lightning_logs_misaligned_grid/clean-ampformer_187ms/version_0,clean-ampformer_187ms,version_0,739620,msp3-1,3380394,NVIDIA H200,2026-08-23 16:49:01,2026-08-23 16:52:04,3.0,40,0.001,4.2431061331171804e-08,5.1931017708284344e-08,1429,checkpoint-path,msp3-1,True,2,5091994,a389e5e0186d9fa0 a389e5e0186d9fa0
lightning_logs_misaligned_grid/clean-ampformer_48ms/version_0,clean-ampformer_48ms,version_0,739619,msp3-1,3376360,NVIDIA H200,2026-08-23 16:45:29,2026-08-23 16:48:30,3.0,40,0.001,7.665996548666953e-08,2.039922719632159e-06,1429,checkpoint-path,msp3-1,True,2,5091994,e8d77415d1e11d5f e8d77415d1e11d5f
lightning_logs_misaligned_grid/clean-wavenet_186ms/version_0,clean-wavenet_186ms,version_0,739618,msp3-1,3376058,NVIDIA H200,2026-08-23 16:45:13,2026-08-23 17:11:57,26.7,40,0.001,0.00012267789861653,0.00021544126502703875,1429,checkpoint-path,msp3-1,True,2,6185138,5bf4af479e0e78fb 5bf4af479e0e78fb
lightning_logs_misaligned_grid/clean-wavenet_46ms/version_0,clean-wavenet_46ms,version_0,739617,msp3-1,3374661,NVIDIA H200,2026-08-23 16:42:53,2026-08-23 17:05:32,22.7,40,0.001,0.00024938114802353084,0.0013594652991741896,1429,checkpoint-path,msp3-1,True,2,5221298,90dc52e6760de1ed 90dc52e6760de1ed
lightning_logs_misaligned_grid/metal-ampformer_48ms/version_0,metal-ampformer_48ms,version_0,739686,msp3-3,64777,NVIDIA H200,2026-08-23 17:25:31,2026-08-23 17:28:40,3.1,40,0.001,0.0674673467874527,0.0674673467874527,1429,checkpoint-path,msp3-3,True,2,5091994,590b3ea9df7d49b4 590b3ea9df7d49b4
lightning_logs_misaligned_grid/metal-wavenet_186ms/version_0,metal-wavenet_186ms,version_0,739685,msp3-1,3404144,,2026-08-23 17:25:16,2026-08-23 17:28:52,3.6,6,0.001,0.11316395550966263,0.11316395550966263,190,tag+window,msp3-1,True,2,6185138,0fd2572f40a16eb4 0fd2572f40a16eb4
lightning_logs_misaligned_grid/metal-wavenet_46ms/version_0,metal-wavenet_46ms,version_0,739684,msp3-3,64412,,2026-08-23 17:25:15,2026-08-23 17:28:52,3.6,7,0.001,0.15692460536956787,0.15692460536956787,225,tag+window,msp3-3,True,2,5221298,a3385a602371d630 a3385a602371d630
lightning_logs_misaligned_grid/preamp-ampformer_187ms/version_0,preamp-ampformer_187ms,version_0,739624,msp3-3,50097,NVIDIA H200,2026-08-23 17:02:49,2026-08-23 17:05:51,3.0,40,0.001,0.21870869398117065,0.21870869398117065,1429,checkpoint-path,msp3-3,True,2,5091994,cf031d501b867967 cf031d501b867967
lightning_logs_misaligned_grid/preamp-ampformer_48ms/version_0,preamp-ampformer_48ms,version_0,737363,msp3-0,2951039,NVIDIA H200,2026-08-22 19:41:29,2026-08-22 19:41:42,0.2,1,0.001,1.307538390159607,1.307538390159607,36,checkpoint-path,msp3-0,True,2,5091930,5636c842f49559e4 27b8e67d8be68c0a
lightning_logs_misaligned_grid/preamp-ampformer_48ms/version_1,preamp-ampformer_48ms,version_1,739623,msp3-3,50096,NVIDIA H200,2026-08-23 17:02:49,2026-08-23 17:05:55,3.1,40,0.001,0.3078113794326782,0.3078113794326782,1429,checkpoint-path,msp3-3,True,2,5091994,89a19c8e6c66173c 89a19c8e6c66173c
lightning_logs_misaligned_grid/preamp-wavenet_186ms/version_0,preamp-wavenet_186ms,version_0,739622,msp3-1,3384775,NVIDIA H200,2026-08-23 16:52:31,2026-08-23 17:19:30,27.0,40,0.001,0.01668480783700943,0.6293697357177734,1429,checkpoint-path,msp3-1,True,2,6185138,32ffc619867c6640 32ffc619867c6640
lightning_logs_misaligned_grid/preamp-wavenet_46ms/version_0,preamp-wavenet_46ms,version_0,739621,msp3-1,3382295,NVIDIA H200,2026-08-23 16:50:32,2026-08-23 17:13:21,22.8,40,0.001,0.05566637963056564,0.25622475147247314,1429,checkpoint-path,msp3-1,True,2,5221298,3aca1a06ef64ec7e 3aca1a06ef64ec7e
